datetime,temperature,Temp_Min,Temp_Max,Humidity ,Wind_Speed,Pressure,Clouds,Sunrise,Sunset
28-12-18 19:00,9.34,9,10,81,0.5,1028,0,1545981438,1546014494
28-12-18 19:30,8.68,8,9,87,2.06,1028,0,1545981438,1546014495
28-12-18 20:00,8.36,7,9,87,2.1,1028,0,1545981438,1546014496
28-12-18 20:30,7.7,6,9,93,2.06,1028,0,1545981438,1546014497
28-12-18 21:00,7.36,6,8,93,1,1029,0,1545981439,1546014498
28-12-18 21:30,7.02,6,8,87,2.57,1029,0,1545981439,1546014499
28-12-18 22:00,6.36,5,8,93,0.5,1029,0,1545981439,1546014500
28-12-18 22:30,6.02,5,7,93,1.5,1029,0,1545981440,1546014501
28-12-18 23:00,5.68,5,7,86,2.57,1029,0,1545981440,1546014502
28-12-18 23:28,6.02,5,7,93,1,1029,0,1545981440,1546014503
28-12-18 0:00,5.36,4,7,93,2.26,1029,0,1545981440,1546014503
29-12-18 0:30,5.36,4,7,93,1,1029,0,1545981441,1546014504
29-12-18 1:00,4.68,4,6,86,0.5,1029,0,1545981441,1546014505
29-12-18 1:30,4.36,3,6,100,2.26,1029,0,1546067841,1546100906
29-12-18 2:00,4.36,3,6,100,2.26,1029,0,1546067842,1546100907
29-12-18 2:30,4.36,3,6,93,2.26,1029,0,1546067842,1546100908
29-12-18 3:00,4.02,3,6,100,1.82,1029,0,1546067842,1546100909
29-12-18 3:30,3.36,2,6,100,1.82,1029,0,1546067842,1546100910
29-12-18 4:00,3.36,2,6,100,1.82,1029,0,1546067843,1546100911
29-12-18 4:30,3.36,2,6,100,1.82,1029,0,1546067843,1546100912
29-12-18 5:00,3.02,1,6,100,1,1028,0,1546067843,1546100913
29-12-18 5:30,2.68,1,5,93,0.5,1028,0,1546067844,1546100914
29-12-18 6:00,3.02,1,6,100,1,1028,0,1546067844,1546100915
29-12-18 6:30,3,1,5,93,1.5,1028,0,1546067844,1546100916
29-12-18 7:00,2.02,0,5,100,1.16,1028,0,1546067844,1546100917
29-12-18 7:30,2.02,0,5,100,0.5,1029,0,1546067845,1546100918
29-12-18 8:00,2.02,0,5,100,1.5,1029,0,1546067845,1546100919
29-12-18 8:30,1.68,-1,5,100,1.16,1029,0,1546067845,1546100920
29-12-18 9:00,1.68,-1,5,100,1.5,1029,0,1546067845,1546100921
29-12-18 9:30,2.34,0,5,93,0.5,1030,0,1546067846,1546100922
29-12-18 10:00,3.34,1,6,93,0.5,1030,0,1546067846,1546100922
29-12-18 10:30,4.66,2,7,86,1.61,1030,0,1546067846,1546100923
29-12-18 11:00,5.64,3,7,81,1.61,1030,0,1546067846,1546100924
29-12-18 11:30,7.32,6,8,81,0.5,1030,0,1546067847,1546100925
29-12-18 12:00,8.32,7,9,70,3.1,1029,0,1546067847,1546100926
29-12-18 12:30,9.64,8,11,66,1,1029,0,1546067847,1546100928
29-12-18 13:00,10.66,10,11,71,1.5,1029,0,1546067847,1546100928
29-12-18 13:30,11,11,11,71,2.6,1028,0,1546067848,1546100929
29-12-18 14:00,11.32,11,12,62,2.1,1028,0,1546067848,1546100930
29-12-18 14:30,12,11,13,66,3.1,1027,0,1546067848,1546100931
29-12-18 15:00,12.34,11,14,58,3.1,1028,0,1546067849,1546100932
29-12-18 15:30,13,12,14,62,2.1,1027,0,1546067849,1546100933
29-12-18 16:00,13,12,14,58,2.1,1027,0,1546067849,1546100934
29-12-18 16:30,13.34,12,15,62,1.5,1028,0,1546067849,1546100935
29-12-18 17:00,12.68,12,14,66,2.1,1028,0,1546067850,1546100936
29-12-18 17:30,11.66,11,12,66,1.5,1028,0,1546067850,1546100937
29-12-18 18:00,10.34,10,11,71,1,1028,0,1546067850,1546100938
29-12-18 18:30,8.68,8,9,81,0.5,1028,0,1546067850,1546100939
29-12-18 19:00,8.02,7,9,87,1.31,1029,0,1546067851,1546100940
29-12-18 19:30,7.68,7,8,81,0.5,1029,0,1546067851,1546100941
29-12-18 20:00,7.02,6,8,87,1.31,1030,0,1546067851,1546100942
29-12-18 20:30,6.7,5,8,93,0.5,1030,0,1546067851,1546100943
29-12-18 21:00,6.36,5,8,86,2.6,1030,0,1546067852,1546100944
29-12-18 21:30,5.36,4,7,93,0.5,1030,0,1546067852,1546100945
29-12-18 22:00,5.36,4,7,93,2.6,1030,0,1546067852,1546100946
29-12-18 22:30,5.03,4,7,93,2.6,1030,0,1546067852,1546100947
29-12-18 23:00,4.36,3,6,93,2.6,1030,0,1546067853,1546100948
29-12-18 23:30,4.02,3,6,100,3.22,1030,0,1546067853,1546100949
30-12-18 0:00,4.02,3,6,93,3.22,1030,0,1546067853,1546100950
30-12-18 0:30,3.68,2,6,93,1,1030,0,1546067853,1546100951
30-12-18 1:00,3.3,2,6,100,1,1030,0,1546154254,1546187352
30-12-18 1:30,2.7,1,5,93,1.5,1030,0,1546154254,1546187353
30-12-18 2:00,2.68,1,5,93,1,1030,0,1546154254,1546187354
30-12-18 2:30,2.36,1,5,100,0.5,1029,0,1546154254,1546187355
30-12-18 3:00,1.68,0,4,100,0.5,1029,0,1546154254,1546187356
30-12-18 3:30,1.68,0,4,100,3.05,1030,0,1546154255,1546187357
30-12-18 4:00,2.02,1,4,100,0.5,1030,0,1546154255,1546187358
30-12-18 4:30,1.36,0,4,100,3.05,1029,0,1546154255,1546187359
30-12-18 5:00,1.36,0,4,100,3.05,1029,0,1546154255,1546187360
30-12-18 5:30,1.36,0,4,100,1.72,1029,0,1546154256,1546187361
30-12-18 6:00,1.68,0,4,100,1,1029,0,1546154256,1546187362
30-12-18 6:30,1.36,0,4,100,1.72,1029,0,1546154256,1546187363
30-12-18 7:00,0.68,-2,4,100,1.72,1029,0,1546154256,1546187364
30-12-18 7:30,1.02,-1,4,100,0.5,1029,0,1546154256,1546187365
30-12-18 8:00,1.02,-1,4,100,1.5,1029,0,1546154257,1546187366
30-12-18 8:30,1.02,-1,4,100,3.45,1030,0,1546154257,1546187367
30-12-18 9:00,0.7,-1,4,100,3.45,1030,0,1546154257,1546187368
30-12-18 9:30,0.93,-1,4,100,1,1030,0,1546154257,1546187369
30-12-18 10:00,1.68,0,4,100,3.45,1030,0,1546154258,1546187370
30-12-18 10:30,4,2,6,86,3.45,1030,0,1546154258,1546187371
30-12-18 11:00,5.34,4,7,80,1,1030,0,1546154258,1546187372
30-12-18 11:30,7,6,8,75,0.5,1030,0,1546154258,1546187373
30-12-18 12:00,8.32,7,9,70,2.62,1029,0,1546154258,1546187374
30-12-18 12:30,9.66,9,10,66,2.62,1029,0,1546154259,1546187375
30-12-18 13:00,10.98,10,12,62,2.62,1028,0,1546154259,1546187376
30-12-18 13:36,12.66,12,13,54,2.1,1028,0,1546154259,1546187377
30-12-18 14:06,14,13,15,47,2.1,1027,0,1546154259,1546187378
30-12-18 14:36,14,13,15,47,3.1,1027,0,1546154260,1546187379
30-12-18 15:06,15.34,14,17,44,3.1,1027,0,1546154260,1546187380
30-12-18 15:36,15.02,14,17,47,2.6,1027,0,1546154260,1546187381
30-12-18 16:06,15.34,14,17,47,2.6,1026,0,1546154260,1546187382
30-12-18 16:36,15.02,14,17,54,2.1,1026,0,1546154260,1546187383
30-12-18 17:06,14.68,14,16,50,1.5,1026,0,1546154261,1546187384
30-12-18 17:36,13,13,13,50,1.5,1026,0,1546154261,1546187385
30-12-18 18:06,11.36,10,12,61,1.5,1027,0,1546154261,1546187386
30-12-18 18:36,11.36,10,13,61,1,1027,0,1546154261,1546187387
30-12-18 19:06,9.7,8,11,65,2.1,1027,0,1546154261,1546187388
30-12-18 19:36,10.38,8,13,65,2.1,1028,0,1546154262,1546187389
30-12-18 20:06,10.4,7,14,70,1,1028,0,1546154262,1546187390
30-12-18 20:36,9.74,6,13,75,0.5,1028,0,1546154262,1546187391
30-12-18 21:06,9.08,5,13,80,2.48,1028,0,1546154262,1546187392
30-12-18 21:36,9.08,5,13,80,2.48,1028,0,1546154262,1546187393
30-12-18 22:06,8.42,4,12,80,2.48,1028,0,1546154263,1546187394
30-12-18 22:36,7.74,4,11,80,0.5,1028,0,1546154263,1546187395
30-12-18 23:06,7.74,4,11,86,0.5,1029,0,1546154263,1546187396
30-12-18 23:36,6.42,2,9,100,0.5,1029,0,1546154263,1546187397
31-12-18 0:06,6.42,2,10,93,3.1,1029,0,1546154263,1546187398
31-12-18 0:36,6.76,2,11,100,1.5,1029,0,1546154263,1546187399
31-12-18 1:06,6.74,3,11,100,1,1029,0,1546240664,1546273800
31-12-18 1:36,5.76,1,10,100,1,1029,0,1546240664,1546273801
31-12-18 2:06,6.42,2,11,100,6.46,1029,0,1546240664,1546273802
31-12-18 2:36,7.1,2,12,100,0.5,1029,0,1546240664,1546273803
31-12-18 3:06,6.1,1,11,100,4.11,1029,0,1546240664,1546273804
31-12-18 3:36,5.4,2,8,93,1.5,1029,0,1546240665,1546273805
31-12-18 4:06,6.78,1,13,100,2.1,1029,0,1546240665,1546273806
31-12-18 4:36,5.42,1,9,100,4.11,1029,0,1546240665,1546273807
31-12-18 5:06,6.1,1,11,100,0.5,1029,0,1546240665,1546273808
31-12-18 5:36,5.76,1,10,100,0.5,1029,0,1546240665,1546273809
31-12-18 6:06,5.78,0,11,100,0.5,1028,0,1546240665,1546273810
31-12-18 6:36,5.4,2,8,93,1.5,1029,0,1546240666,1546273811
31-12-18 7:06,5.08,1,8,100,1.5,1029,0,1546240666,1546273812
31-12-18 7:36,5.08,1,8,100,1,1029,0,1546240666,1546273813
31-12-18 8:06,3.72,1,5,100,0.5,1029,0,1546240666,1546273814
31-12-18 8:36,4.08,0,6,100,3.01,1030,0,1546240666,1546273815
31-12-18 9:06,3.72,1,6,100,1.5,1030,0,1546240667,1546273816
31-12-18 9:36,3.72,1,6,100,1.5,1030,0,1546240667,1546273817
31-12-18 10:06,4.72,2,6,93,3.01,1030,0,1546240667,1546273818
31-12-18 10:36,6.7,5,8,80,3.01,1030,0,1546240667,1546273819
31-12-18 11:06,8.02,7,9,75,1,1030,0,1546240667,1546273820
31-12-18 11:36,9.02,8,10,70,1,1030,0,1546240667,1546273821
31-12-18 12:06,10.68,10,11,66,3.77,1030,0,1546240668,1546273822
31-12-18 12:36,11.68,11,12,62,3.77,1029,0,1546240668,1546273824
31-12-18 13:06,13.68,13,14,58,3.77,1028,0,1546240668,1546273825
31-12-18 13:36,15.02,14,16,54,3.77,1028,0,1546240668,1546273826
31-12-18 14:06,15.34,15,16,47,1.5,1028,0,1546240668,1546273827
31-12-18 14:36,16,15,17,41,1.5,1027,0,1546240668,1546273828
31-12-18 15:06,16.34,15,18,41,1,1027,0,1546240669,1546273829
31-12-18 15:36,16.66,15,18,39,2.6,1027,0,1546240669,1546273830
31-12-18 16:06,17.02,15,20,41,3.1,1027,0,1546240669,1546273831
31-12-18 16:37,17.02,15,20,48,2.1,1027,0,1546240669,1546273832
31-12-18 17:06,17,15,19,45,1.5,1027,0,1546240669,1546273833
31-12-18 17:36,16.34,14,19,48,1,1027,0,1546240669,1546273834
31-12-18 18:06,14.68,13,17,54,2.95,1027,0,1546240669,1546273835
31-12-18 18:36,12.68,12,13,62,2.95,1027,0,1546240670,1546273836
31-12-18 19:06,11.38,9,13,76,2.1,1027,0,1546240670,1546273837
31-12-18 19:36,11.06,8,13,75,1,1028,0,1546240670,1546273838
31-12-18 20:06,10.04,8,11,70,2.1,1028,0,1546240670,1546273839
31-12-18 20:36,9.48,6,11,81,1,1028,0,1546240670,1546273840
31-12-18 21:06,9.04,7,11,75,1,1028,0,1546240670,1546273841
31-12-18 21:36,8.72,6,11,75,1,1028,0,1546240670,1546273842
31-12-18 22:06,9.08,5,11,80,1.5,1028,0,1546240671,1546273843
31-12-18 22:36,7.72,5,11,80,0.5,1028,0,1546240671,1546273844
31-12-18 23:06,7.4,4,10,80,1.5,1028,0,1546240671,1546273845
31-12-18 23:36,7.06,4,10,80,1.5,1028,0,1546240671,1546273846
01-01-19 0:06,6.7,5,9,80,1.5,1028,0,1546240671,1546273848
01-01-19 0:36,5.72,3,9,100,2.32,1028,0,1546240671,1546273849
01-01-19 1:06,5.7,4,8,80,1.5,1028,0,1546327071,1546360250
01-01-19 1:36,5.72,3,8,86,1,1028,0,1546327072,1546360251
01-01-19 2:06,5.04,3,8,86,2.1,1028,0,1546327072,1546360252
01-01-19 2:36,4.38,2,7,100,1.5,1028,0,1546327072,1546360253
01-01-19 3:06,4.38,2,7,93,1.21,1028,0,1546327072,1546360254
01-01-19 3:36,4.36,3,7,86,1.5,1029,0,1546327072,1546360255
01-01-19 4:06,4.36,3,7,100,2.1,1029,0,1546327072,1546360256
01-01-19 4:36,4.36,3,7,100,1,1029,0,1546327072,1546360257
01-01-19 5:06,3.7,2,6,93,1.5,1028,0,1546327073,1546360258
01-01-19 5:36,3.7,2,7,93,2.1,1028,0,1546327073,1546360259
01-01-19 6:06,3.04,1,6,100,1.5,1028,0,1546327073,1546360260
01-01-19 6:36,3.04,1,6,100,1.5,1028,0,1546327073,1546360261
01-01-19 7:06,3.7,2,6,100,1,1028,0,1546327073,1546360262
01-01-19 7:36,3.04,1,5,86,1.9,1029,0,1546327073,1546360263
01-01-19 8:06,2.36,1,5,100,1.5,1029,0,1546327073,1546360264
01-01-19 8:36,2.02,0,5,100,1.5,1029,0,1546327073,1546360266
01-01-19 9:06,2.36,1,5,100,0.5,1029,0,1546327074,1546360267
01-01-19 9:36,3.7,2,6,100,1.5,1030,0,1546327074,1546360268
01-01-19 10:06,4.7,3,6,86,0.5,1030,0,1546327074,1546360269
01-01-19 10:36,6.04,4,7,86,1.96,1030,20,1546327074,1546360270
01-01-19 11:06,7,6,8,81,1.96,1031,20,1546327074,1546360271
01-01-19 11:36,9.02,8,10,75,1,1031,20,1546327074,1546360272
01-01-19 12:06,10,9,11,61,2.16,1031,20,1546327074,1546360273
01-01-19 12:36,11.68,11,13,66,2.16,1030,20,1546327074,1546360274
01-01-19 13:06,13,12,14,62,2.16,1030,20,1546327075,1546360275
01-01-19 13:36,13.66,13,14,58,2.16,1030,20,1546327075,1546360276
01-01-19 14:06,14.66,14,15,67,2.16,1029,20,1546327075,1546360277
01-01-19 14:36,15.34,15,16,67,0.5,1029,20,1546327075,1546360278
01-01-19 15:06,15.34,15,16,72,1.5,1029,20,1546327075,1546360279
01-01-19 15:36,15,15,15,72,2.1,1029,20,1546327075,1546360281
01-01-19 16:06,15,15,15,72,2.6,1028,20,1546327075,1546360282
01-01-19 16:36,14.34,14,15,82,2.1,1029,20,1546327075,1546360283
01-01-19 17:06,13.66,13,14,82,2.6,1029,20,1546327075,1546360284
01-01-19 17:36,13.34,13,14,82,2.6,1028,20,1546327076,1546360285
01-01-19 18:06,12.34,11,14,87,1.5,1028,20,1546327076,1546360286
01-01-19 18:36,11.68,10,14,93,1.56,1029,0,1546327076,1546360287
01-01-19 19:06,11.36,10,14,93,2.1,1029,0,1546327076,1546360288
01-01-19 19:36,10.68,8,14,93,2.6,1029,0,1546327076,1546360289
01-01-19 20:06,10,8,12,93,2.6,1029,0,1546327076,1546360290
01-01-19 20:36,9.72,7,12,100,0.5,1028,0,1546327076,1546360291
01-01-19 21:06,8.36,6,11,93,1.5,1029,0,1546327076,1546360292
01-01-19 21:36,8,6,10,93,2.1,1028,0,1546327076,1546360294
01-01-19 22:06,7.37,4,10,100,3.1,1028,0,1546327076,1546360295
01-01-19 22:36,6.98,4,9,93,2.6,1028,0,1546327077,1546360296
01-01-19 23:06,6.68,5,9,93,2.6,1028,0,1546327077,1546360297
01-01-19 23:36,6.71,5,9,93,2.6,1028,0,1546327077,1546360298
02-01-19 0:06,5.7,4,8,93,2.51,1027,0,1546327077,1546360299
02-01-19 0:36,6.02,5,8,86,1.5,1027,0,1546327077,1546360300
02-01-19 1:06,5.68,5,7,86,2.6,1027,0,1546413477,1546446701
02-01-19 1:36,5.36,4,7,86,2.51,1027,0,1546413477,1546446702
02-01-19 2:06,5.02,4,7,86,3.1,1027,0,1546413477,1546446703
02-01-19 2:36,5.66,4,7,75,2.6,1026,0,1546413477,1546446704
02-01-19 3:06,5.02,4,7,80,2.1,1026,0,1546413477,1546446705
02-01-19 3:36,5,3,7,80,2.6,1026,0,1546413477,1546446707
02-01-19 4:06,4.34,2,7,80,0.5,1026,0,1546413478,1546446708
02-01-19 4:36,4.02,2,7,86,0.5,1026,0,1546413478,1546446709
02-01-19 5:06,3.7,2,7,93,1,1025,0,1546413478,1546446710
02-01-19 5:36,4.34,2,7,80,1.5,1025,0,1546413478,1546446711
02-01-19 6:06,3.7,2,7,100,2.81,1025,0,1546413478,1546446712
02-01-19 6:36,3.02,0,7,93,1,1025,0,1546413478,1546446713
02-01-19 7:06,3.34,0,7,93,1,1025,0,1546413478,1546446714
02-01-19 7:36,2.75,0,6,100,1,1025,0,1546413478,1546446715
02-01-19 8:06,2.72,0,6,93,2.81,1025,0,1546413478,1546446716
02-01-19 8:36,2.34,-1,6,93,1.29,1025,0,1546413478,1546446718
02-01-19 9:06,1.68,-1,5,100,1,1025,0,1546413478,1546446719
02-01-19 9:36,2.34,0,5,100,1,1026,0,1546413478,1546446720
02-01-19 10:06,3.66,1,6,80,1.29,1026,0,1546413478,1546446721
02-01-19 10:36,4.66,3,6,80,1.29,1026,0,1546413479,1546446722
02-01-19 11:06,5.52,3,7,70,1,1026,0,1546413479,1546446723
02-01-19 11:36,7.64,6,9,57,2.1,1026,0,1546413479,1546446724
02-01-19 12:06,8.98,8,10,61,1.5,1026,0,1546413479,1546446725
02-01-19 12:36,9.32,9,10,57,2.6,1026,0,1546413479,1546446726
02-01-19 13:06,10.26,9,11,57,2.1,1026,0,1546413479,1546446727
02-01-19 13:36,11.66,11,12,50,2.6,1025,0,1546413479,1546446729
02-01-19 14:06,12.3,12,13,47,3.1,1025,0,1546413479,1546446730
02-01-19 14:36,12.66,12,13,47,3.1,1025,0,1546413479,1546446731
02-01-19 15:06,13,12,14,47,4.6,1025,0,1546413479,1546446732
02-01-19 15:36,13.34,12,15,47,4.1,1025,0,1546413479,1546446733
02-01-19 16:06,13.34,12,15,47,4.6,1025,0,1546413479,1546446734
02-01-19 16:36,13.34,12,15,47,4.6,1025,0,1546413479,1546446735
02-01-19 17:06,13.02,11,16,50,2.6,1025,0,1546413479,1546446736
02-01-19 17:36,12.02,11,14,53,2.6,1025,0,1546413479,1546446737
02-01-19 18:06,11.04,9,14,61,3.1,1025,0,1546413480,1546446739
02-01-19 18:36,9.36,8,11,61,2.6,1026,0,1546413480,1546446740
02-01-19 19:06,9.04,7,12,65,2.6,1026,0,1546413480,1546446741
02-01-19 19:36,8.72,6,12,70,2.1,1026,0,1546413480,1546446742
02-01-19 20:06,6.72,4,8,80,2.1,1026,0,1546413480,1546446743
02-01-19 20:36,7.06,4,10,80,2.1,1026,0,1546413480,1546446744
02-01-19 21:06,7.06,4,10,80,1,1027,0,1546413480,1546446745
02-01-19 21:36,7.4,4,11,100,1,1027,0,1546413480,1546446746
02-01-19 22:06,4.36,3,7,86,0.5,1027,0,1546413480,1546446747
02-01-19 22:36,4.38,2,6,100,3.46,1027,0,1546413480,1546446749
02-01-19 23:06,3.36,2,5,100,3.46,1027,0,1546413480,1546446750
02-01-19 23:36,4.04,2,5,100,1.51,1027,0,1546413480,1546446751
03-01-19 0:06,3.04,1,5,86,1.51,1027,0,1546413480,1546446752
03-01-19 0:36,3.36,2,5,100,1,1027,0,1546413480,1546446753
03-01-19 1:06,3.04,1,5,86,1.5,1027,0,1546499880,1546533154
03-01-19 1:36,2.72,0,5,100,1.5,1028,0,1546499880,1546533155
03-01-19 2:06,2.04,0,4,100,1,1028,0,1546499880,1546533156
03-01-19 3:06,2.04,0,4,100,1.5,1028,0,1546499880,1546533159
03-01-19 3:36,2.38,0,4,100,0.5,1028,0,1546499880,1546533160
03-01-19 4:06,2.06,-1,4,92,2.1,1028,0,1546499880,1546533161
03-01-19 4:36,3.06,0,5,100,2.1,1028,0,1546499880,1546533162
03-01-19 5:06,1.7,0,3,100,0.5,1028,0,1546499881,1546533163
03-01-19 5:36,0.7,-1,3,92,1,1028,0,1546499881,1546533164
03-01-19 6:06,2.4,-1,4,92,0.5,1028,0,1546499881,1546533165
03-01-19 6:36,1.04,-1,4,92,1.26,1028,0,1546499881,1546533167
03-01-19 7:06,0.36,-2,4,92,1,1028,0,1546499881,1546533168
03-01-19 7:36,1.02,-1,4,100,1.5,1029,0,1546499881,1546533169
03-01-19 8:06,1.72,-1,4,92,1.5,1029,0,1546499881,1546533170
03-01-19 8:36,0.7,-1,4,92,1.5,1029,0,1546499881,1546533171
03-01-19 9:06,1.38,-1,3,92,1,1029,0,1546499881,1546533172
03-01-19 9:36,2.38,0,4,100,2.86,1030,0,1546499881,1546533173
03-01-19 10:06,2.68,2,4,100,2.86,1030,0,1546499881,1546533175
03-01-19 10:36,3.68,3,4,100,0.5,1030,0,1546499881,1546533176
03-01-19 11:06,5.34,5,6,75,1,1030,0,1546499881,1546533177
03-01-19 11:36,6.34,6,7,70,1.5,1030,0,1546499881,1546533178
03-01-19 12:06,8.68,8,10,65,0.5,1030,0,1546499881,1546533179
03-01-19 12:36,8.68,8,10,70,1,1029,0,1546499881,1546533180
03-01-19 13:06,10.02,9,11,66,1,1029,0,1546499881,1546533181
03-01-19 13:36,11.36,10,13,61,1.5,1029,0,1546499881,1546533183
03-01-19 14:06,11.68,11,13,57,1.5,1028,0,1546499881,1546533184
03-01-19 14:36,12.7,11,14,57,1,1028,0,1546499881,1546533185
03-01-19 15:06,12.68,12,13,54,1,1028,0,1546499881,1546533186
03-01-19 15:36,12.68,12,13,54,1.28,1028,0,1546499881,1546533187
03-01-19 16:06,13.34,13,14,50,1,1028,0,1546499881,1546533188
03-01-19 16:36,13,13,13,50,2.1,1028,0,1546499881,1546533189
03-01-19 17:06,12.34,12,13,54,1.5,1028,0,1546499881,1546533191
03-01-19 17:36,11.66,11,12,54,1,1028,0,1546499881,1546533192
03-01-19 18:06,9.02,8,10,75,1.5,1028,0,1546499881,1546533193
03-01-19 18:36,8.02,7,9,81,2.1,1028,0,1546499881,1546533194
03-01-19 19:06,7.68,7,9,75,1.5,1028,0,1546499881,1546533195
03-01-19 19:36,6.36,5,9,80,3.1,1028,0,1546499881,1546533196
03-01-19 20:06,5.68,4,8,80,2.6,1028,0,1546499881,1546533197
03-01-19 20:36,5.66,4,7,70,2.6,1028,0,1546499881,1546533199
03-01-19 21:06,4.68,3,7,80,1.5,1028,0,1546499881,1546533200
03-01-19 21:36,4.34,3,6,100,1.5,1028,0,1546499881,1546533201
03-01-19 22:06,3.68,2,6,100,0.5,1029,0,1546499881,1546533202
03-01-19 22:36,3.34,1,6,100,1,1029,0,1546499881,1546533203
03-01-19 23:06,2.68,0,6,100,1,1029,0,1546499881,1546533204
03-01-19 23:36,2.02,0,5,86,1.5,1028,0,1546499881,1546533205
04-01-19 0:06,1.36,-1,5,100,2.1,1029,0,1546499881,1546533207
04-01-19 0:36,1.7,0,5,100,2.1,1029,0,1546499881,1546533208
04-01-19 1:06,1.36,0,4,100,2.6,1029,0,1546586281,1546619609
04-01-19 1:36,1.36,0,4,100,1.5,1029,0,1546586281,1546619610
04-01-19 2:06,0.7,-1,3,92,2.6,1029,0,1546586281,1546619611
04-01-19 2:36,0.7,-1,3,92,2.6,1028,0,1546586281,1546619612
04-01-19 3:06,0.36,-1,3,92,0.5,1029,0,1546586281,1546619614
04-01-19 3:36,0.36,-1,3,92,2.1,1029,0,1546586281,1546619615
04-01-19 4:06,0.68,-1,3,100,0.5,1029,0,1546586281,1546619616
04-01-19 4:36,0.36,-1,3,92,2.1,1029,0,1546586281,1546619617
04-01-19 5:06,0.68,-1,3,100,1,1028,0,1546586281,1546619618
04-01-19 5:36,0.02,-1,2,92,1.5,1028,12,1546586281,1546619619
04-01-19 6:06,0,-2,2,100,0.5,1028,12,1546586281,1546619620
04-01-19 6:36,0.36,-1,2,92,2.1,1028,12,1546586281,1546619622
04-01-19 7:06,-0.64,-2,2,92,1,1028,12,1546586281,1546619623
04-01-19 7:36,-0.98,-3,2,100,2.6,1028,12,1546586281,1546619624
04-01-19 8:06,-0.32,-2,2,92,1,1029,12,1546586281,1546619625
04-01-19 8:36,-0.32,-2,2,92,1.5,1029,0,1546586281,1546619626
04-01-19 9:06,-0.66,-3,2,92,1.5,1029,20,1546586281,1546619627
04-01-19 9:36,1.7,0,3,100,1.5,1030,20,1546586281,1546619629
04-01-19 10:06,1.68,1,3,100,1,1030,20,1546586281,1546619630
04-01-19 10:36,3.34,3,4,86,0.22,1030,20,1546586281,1546619631
04-01-19 11:06,4.98,4,6,75,0.22,1030,20,1546586281,1546619632
04-01-19 11:36,6.32,5,7,75,1.26,1031,0,1546586281,1546619633
04-01-19 12:06,7.64,6,9,57,1.26,1031,0,1546586281,1546619634
04-01-19 12:36,9,9,9,61,1.26,1030,0,1546586281,1546619636
04-01-19 13:06,9.66,9,10,53,1,1030,20,1546586281,1546619637
04-01-19 13:36,10.66,10,11,53,0.5,1030,20,1546586281,1546619638
04-01-19 14:06,11.26,10,12,50,1.26,1030,20,1546586281,1546619639
04-01-19 14:36,11.66,11,12,54,1,1030,20,1546586281,1546619640
04-01-19 15:06,11.66,11,12,54,0.5,1029,20,1546586281,1546619642
04-01-19 15:36,11.66,11,12,54,1.5,1029,0,1546586280,1546619643
04-01-19 16:06,11,10,12,57,2.6,1030,0,1546586280,1546619644
04-01-19 16:36,11.32,10,12,58,2.6,1030,0,1546586280,1546619645
04-01-19 17:06,10.32,9,11,62,1.5,1030,0,1546586280,1546619646
04-01-19 17:36,9.32,7,11,61,2.6,1030,20,1546586280,1546619647
04-01-19 18:06,8.32,5,11,66,2.1,1031,20,1546586280,1546619649
04-01-19 18:36,7.32,4,10,70,3.02,1031,20,1546586280,1546619650
04-01-19 19:06,6.34,4,9,81,2.6,1031,20,1546586280,1546619651
04-01-19 19:36,6.36,5,8,86,3.1,1031,12,1546586280,1546619652
04-01-19 20:06,6.02,5,7,80,2.6,1031,12,1546586280,1546619653
04-01-19 20:36,4.66,2,7,80,1,1032,12,1546586280,1546619654
04-01-19 21:06,5.34,4,7,86,1,1032,12,1546586280,1546619656
04-01-19 21:36,4.36,3,6,93,2.6,1033,12,1546586280,1546619657
04-01-19 22:06,4,2,6,86,3.1,1033,12,1546586280,1546619658
04-01-19 22:36,3,1,5,86,2.1,1033,12,1546586280,1546619659
04-01-19 23:06,3,0,6,86,1.5,1033,12,1546586280,1546619660
04-01-19 23:36,3.34,1,6,86,1.5,1032,0,1546586280,1546619662
05-01-19 0:06,2.34,0,5,93,1.5,1032,0,1546586280,1546619663
05-01-19 0:36,2,-1,5,93,0.5,1032,0,1546586280,1546619664
05-01-19 1:06,1.68,-1,5,100,2.91,1032,0,1546672680,1546706065
05-01-19 1:36,2.02,0,5,100,2.91,1032,0,1546672680,1546706066
05-01-19 2:06,2,-1,5,93,2.91,1031,0,1546672680,1546706067
05-01-19 2:36,2.02,0,5,100,5.66,1031,0,1546672679,1546706069
05-01-19 3:06,1.34,-1,4,100,0.5,1031,0,1546672679,1546706070
05-01-19 3:36,1.34,-1,4,100,0.5,1031,0,1546672679,1546706071
05-01-19 4:06,1.68,-1,5,100,0.5,1031,0,1546672679,1546706072
05-01-19 4:36,1,-2,4,100,5.66,1030,0,1546672679,1546706073
05-01-19 5:06,1,-2,4,100,5.66,1030,0,1546672679,1546706075
05-01-19 5:36,1.02,-1,4,100,4.21,1030,0,1546672679,1546706076
05-01-19 6:06,1,-2,4,100,1,1030,0,1546672679,1546706077
05-01-19 6:36,0.66,-2,3,100,0.5,1030,0,1546672679,1546706078
05-01-19 7:06,0.66,-3,4,100,4.21,1029,0,1546672679,1546706079
05-01-19 7:36,1.32,-2,4,93,2.1,1029,0,1546672679,1546706081
05-01-19 8:06,0.32,-3,3,100,4.21,1029,0,1546672679,1546706082
05-01-19 8:36,0.32,-3,3,100,1,1029,0,1546672679,1546706083
05-01-19 9:06,0.66,-3,4,100,1,1029,0,1546672679,1546706084
05-01-19 9:36,1,-2,4,100,1.5,1029,0,1546672679,1546706085
05-01-19 10:06,3,0,6,86,0.5,1029,0,1546672678,1546706087
05-01-19 10:36,3.98,1,6,80,1.5,1029,0,1546672678,1546706088
05-01-19 11:06,5.64,3,7,70,0.5,1029,0,1546672678,1546706089
05-01-19 11:36,7.64,6,9,66,2.1,1029,0,1546672678,1546706090
05-01-19 12:06,8.64,7,10,57,2.6,1029,0,1546672678,1546706091
05-01-19 12:36,9.98,9,11,50,2.6,1028,0,1546672678,1546706093
05-01-19 13:06,10.32,10,11,53,3.1,1028,0,1546672678,1546706094
05-01-19 13:36,11.32,11,12,46,2.6,1027,0,1546672678,1546706095
05-01-19 14:06,11.66,11,12,46,3.1,1027,0,1546672678,1546706096
05-01-19 14:36,12.3,12,13,43,3.6,1027,0,1546672678,1546706097
05-01-19 15:06,13.32,12,14,100,4.1,1026,0,1546672678,1546706099
05-01-19 15:36,14,13,15,100,4.1,1026,0,1546672678,1546706100
05-01-19 16:06,14.34,13,16,100,3.6,1026,0,1546672678,1546706101
05-01-19 16:36,14,12,16,41,3.1,1026,0,1546672677,1546706102
05-01-19 17:06,13.34,12,15,43,1.5,1026,0,1546672677,1546706103
05-01-19 17:36,11.98,11,13,100,1,1026,0,1546672677,1546706105
05-01-19 18:06,11,11,11,100,1,1026,0,1546672677,1546706106
05-01-19 18:36,9.68,9,10,100,3.6,1026,0,1546672677,1546706107
05-01-19 19:06,9.34,9,10,49,1.5,1026,0,1546672677,1546706108
05-01-19 19:36,8.34,8,9,52,1.5,1026,0,1546672677,1546706109
05-01-19 20:06,7.02,6,9,100,2.6,1026,0,1546672677,1546706111
